INSERT INTO `user` (`id`, `email`, `roles`, `password`, `username`, `phone`) VALUES
(1, 'jnorthwood0@prnewswire.com', '[\"ROLE_USER\"]', '1Uy9ttR', 'abangley0', '1923343449'),
(2, 'gcrown1@wordpress.org', '[\"ROLE_USER\"]', 'Up6UY64', 'ipettie1', '2001298355'),
(3, 'rruffle2@npr.org', '[\"ROLE_USER\"]', 'NQT92iutXcT', 'mremirez2', '2836428772'),
(4, 'mmayzes3@fda.gov', '[\"ROLE_USER\"]', 'bJQWVU', 'tmacintyre3', '1429808533'),
(5, 'lserraillier4@apache.org', '[\"ROLE_USER\"]', 'APPhgdjczab', 'acogman4', '1421741300'),
(6, 'rwitson5@odnoklassniki.ru', '[\"ROLE_USER\"]', '96mjBeKZnqE', 'adentith5', '7888667211'),
(7, 'cbarmby6@dion.ne.jp', '[\"ROLE_USER\"]', 'MSMqfqEJT', 'mgiroldo6', '8208801812'),
(8, 'smugford7@oaic.gov.au', '[\"ROLE_USER\"]', 'W8A1kk89dmq', 'abinnell7', '3106798673'),
(9, 'arusling8@time.com', '[\"ROLE_USER\"]', 'eXPqvapZmfd', 'ainnerstone8', '2485478526'),
(10, 'rtrenouth9@nsw.gov.au', '[\"ROLE_USER\"]', '5Ns3XwaOe', 'wmaus9', '4799192895'),
(11, 'aandrejevica@businesswire.com', '[\"ROLE_USER\"]', 'IGCZ7JV', 'eramesa', '6611330943'),
(12, 'glindb@github.io', '[\"ROLE_USER\"]', 'loUBCSNNV', 'cstidsonb', '9366382421'),
(13, 'ashooterc@yahoo.co.jp', '[\"ROLE_USER\"]', 'lJKtLFIedqZ', 'sshelveyc', '7056730775'),
(14, 'akupperd@bloglines.com', '[\"ROLE_USER\"]', 'r54CuGWO9IY', 'gcuttsd', '9102063630'),
(15, 'mbenboughe@salon.com', '[\"ROLE_USER\"]', 'r9aAblwfbgJ8', 'olearmonte', '7462064432'),
(16, 'anthonin@hotmail.fr', '[\"ROLE_USER\"]', '$2y$13$NM0GMo6PIO75yvgef/Gdm.9MeuxYS9Xjwx2wPsHqIk66O/iCiSTOm', 'test', '4536745684');
INSERT INTO `gallery` (`id`, `user_id`, `name`, `image`, `description`, `is_real`, `created_at`, `update_at`) VALUES
(1, 1, 'Mat Lam Tam', 'http://dummyimage.com/172x100.png/dddddd/000000', 'Donec posuere metus vitae ipsum. Aliquam non mauris. Morbi non lectus. Aliquam sit amet diam in magna bibendum imperdiet. Nullam orci pede, venenatis non, sodales sed, tincidunt eu, felis.', 0, NULL, NULL),
(2, 2, 'It', 'http://dummyimage.com/170x100.png/dddddd/000000', 'Donec dapibus. Duis at velit eu est congue elementum. In hac habitasse platea dictumst. Morbi vestibulum, velit id pretium iaculis, diam erat fermentum justo, nec condimentum neque sapien placerat ante. Nulla justo. Aliquam quis turpis eget elit sodales scelerisque. Mauris sit amet eros. Suspendisse accumsan tortor quis turpis. Sed ante.', 1, NULL, NULL),
(3, 3, 'Hatity', 'http://dummyimage.com/175x100.png/5fa2dd/ffffff', 'Sed ante. Vivamus tortor. Duis mattis egestas metus. Aenean fermentum.', 1, NULL, NULL),
(4, 4, 'Holdlamis', 'http://dummyimage.com/196x100.png/cc0000/ffffff', 'In blandit ultrices enim. Lorem ipsum dolor sit amet, consectetuer adipiscing elit. Proin interdum mauris non ligula pellentesque ultrices. Phasellus id sapien in sapien iaculis congue. Vivamus metus arcu, adipiscing molestie, hendrerit at, vulputate vitae, nisl. Aenean lectus. Pellentesque eget nunc.', 0, NULL, NULL),
(5, 5, 'Vagram', 'http://dummyimage.com/226x100.png/ff4444/ffffff', 'Aenean auctor gravida sem. Praesent id massa id nisl venenatis lacinia. Aenean sit amet justo.', 0, NULL, NULL),
(6, 6, 'Trippledex', 'http://dummyimage.com/160x100.png/cc0000/ffffff', 'Nulla tempus. Vivamus in felis eu sapien cursus vestibulum. Proin eu mi. Nulla ac enim. In tempor, turpis nec euismod scelerisque, quam turpis adipiscing lorem, vitae mattis nibh ligula nec sem.', 1, NULL, NULL),
(7, 7, 'Vagram', 'http://dummyimage.com/120x100.png/5fa2dd/ffffff', 'Nulla tellus. In sagittis dui vel nisl. Duis ac nibh. Fusce lacus purus, aliquet at, feugiat non, pretium quis, lectus. Suspendisse potenti. In eleifend quam a odio. In hac habitasse platea dictumst. Maecenas ut massa quis augue luctus tincidunt. Nulla mollis molestie lorem.', 1, NULL, NULL),
(8, 8, 'Y-Solowarm', 'http://dummyimage.com/209x100.png/5fa2dd/ffffff', 'Nulla ut erat id mauris vulputate elementum. Nullam varius. Nulla facilisi. Cras non velit nec nisi vulputate nonummy. Maecenas tincidunt lacus at velit. Vivamus vel nulla eget eros elementum pellentesque. Quisque porta volutpat erat. Quisque erat eros, viverra eget, congue eget, semper rutrum, nulla. Nunc purus.', 0, NULL, NULL),
(9, 9, 'Opela', 'http://dummyimage.com/156x100.png/dddddd/000000', 'Etiam faucibus cursus urna. Ut tellus. Nulla ut erat id mauris vulputate elementum. Nullam varius. Nulla facilisi.', 1, NULL, NULL),
(10, 10, 'Andalax', 'http://dummyimage.com/147x100.png/dddddd/000000', 'Morbi non lectus. Aliquam sit amet diam in magna bibendum imperdiet. Nullam orci pede, venenatis non, sodales sed, tincidunt eu, felis. Fusce posuere felis sed lacus.', 1, NULL, NULL),
(11, 11, 'Voyatouch', 'http://dummyimage.com/151x100.png/ff4444/ffffff', 'Aliquam erat volutpat. In congue. Etiam justo. Etiam pretium iaculis justo. In hac habitasse platea dictumst. Etiam faucibus cursus urna. Ut tellus.', 1, NULL, NULL),
(12, 12, 'Konklux', 'http://dummyimage.com/240x100.png/5fa2dd/ffffff', 'Curabitur in libero ut massa volutpat convallis. Morbi odio odio, elementum eu, interdum eu, tincidunt in, leo. Maecenas pulvinar lobortis est. Phasellus sit amet erat. Nulla tempus. Vivamus in felis eu sapien cursus vestibulum. Proin eu mi. Nulla ac enim. In tempor, turpis nec euismod scelerisque, quam turpis adipiscing lorem, vitae mattis nibh ligula nec sem. Duis aliquam convallis nunc.', 1, NULL, NULL),
(13, 13, 'Zaam-Dox', 'http://dummyimage.com/201x100.png/dddddd/000000', 'Vestibulum quam sapien, varius ut, blandit non, interdum in, ante. Vestibulum ante ipsum primis in faucibus orci luctus et ultrices posuere cubilia Curae; Duis faucibus accumsan odio. Curabitur convallis. Duis consequat dui nec nisi volutpat eleifend. Donec ut dolor.', 0, NULL, NULL),
(14, 14, 'Lotstring', 'http://dummyimage.com/242x100.png/cc0000/ffffff', 'Nullam molestie nibh in lectus. Pellentesque at nulla. Suspendisse potenti. Cras in purus eu magna vulputate luctus. Cum sociis natoque penatibus et magnis dis parturient montes, nascetur ridiculus mus.', 1, NULL, NULL),
(15, 15, 'Tres-Zap', 'http://dummyimage.com/195x100.png/cc0000/ffffff', 'Ut tellus. Nulla ut erat id mauris vulputate elementum. Nullam varius. Nulla facilisi. Cras non velit nec nisi vulputate nonummy.', 1, NULL, NULL);
INSERT INTO `gallery_item` (`id`, `gallery_id`, `name`, `description`, `comment`, `image`, `created_at`, `update_at`) VALUES
(1, 1, 'Alpha', 'Cras non velit nec nisi vulputate nonummy. Maecenas tincidunt lacus at velit. Vivamus vel nulla eget eros elementum pellentesque. Quisque porta volutpat erat. Quisque erat eros, viverra eget, congue eget, semper rutrum, nulla. Nunc purus. Phasellus in felis.', NULL, 'http://dummyimage.com/185x100.png/5fa2dd/ffffff', NULL, NULL),
(2, 1, 'Y-find', 'Nam congue, risus semper porta volutpat, quam pede lobortis ligula, sit amet eleifend pede libero quis orci. Nullam molestie nibh in lectus. Pellentesque at nulla. Suspendisse potenti. Cras in purus eu magna vulputate luctus. Cum sociis natoque penatibus et magnis dis parturient montes, nascetur ridiculus mus. Vivamus vestibulum sagittis sapien. Cum sociis natoque penatibus et magnis dis parturient montes, nascetur ridiculus mus.', NULL, 'http://dummyimage.com/208x100.png/5fa2dd/ffffff', NULL, NULL),
(3, 1, 'Lotstring', 'Morbi ut odio. Cras mi pede, malesuada in, imperdiet et, commodo vulputate, justo. In blandit ultrices enim. Lorem ipsum dolor sit amet, consectetuer adipiscing elit. Proin interdum mauris non ligula pellentesque ultrices. Phasellus id sapien in sapien iaculis congue. Vivamus metus arcu, adipiscing molestie, hendrerit at, vulputate vitae, nisl.', NULL, 'http://dummyimage.com/113x100.png/ff4444/ffffff', NULL, NULL),
(4, 1, 'Overhold', 'Fusce congue, diam id ornare imperdiet, sapien urna pretium nisl, ut volutpat sapien arcu sed augue. Aliquam erat volutpat. In congue. Etiam justo. Etiam pretium iaculis justo. In hac habitasse platea dictumst. Etiam faucibus cursus urna.', NULL, 'http://dummyimage.com/150x100.png/dddddd/000000', NULL, NULL),
(5, 1, 'Matsoft', 'In hac habitasse platea dictumst. Maecenas ut massa quis augue luctus tincidunt. Nulla mollis molestie lorem. Quisque ut erat. Curabitur gravida nisi at nibh. In hac habitasse platea dictumst.', NULL, 'http://dummyimage.com/233x100.png/ff4444/ffffff', NULL, NULL),
(6, 2, 'Stim', 'In eleifend quam a odio.', NULL, 'http://dummyimage.com/198x100.png/ff4444/ffffff', NULL, NULL),
(7, 2, 'Redhold', 'Etiam pretium iaculis justo. In hac habitasse platea dictumst. Etiam faucibus cursus urna. Ut tellus. Nulla ut erat id mauris vulputate elementum. Nullam varius. Nulla facilisi. Cras non velit nec nisi vulputate nonummy. Maecenas tincidunt lacus at velit. Vivamus vel nulla eget eros elementum pellentesque.', NULL, 'http://dummyimage.com/167x100.png/cc0000/ffffff', NULL, NULL),
(8, 2, 'Fix San', 'Nunc rhoncus dui vel sem. Sed sagittis.', NULL, 'http://dummyimage.com/246x100.png/dddddd/000000', NULL, NULL),
(9, 2, 'Transcof', 'Suspendisse ornare consequat lectus. In est risus, auctor sed, tristique in, tempus sit amet, sem. Fusce consequat. Nulla nisl. Nunc nisl. Duis bibendum, felis sed interdum venenatis, turpis enim blandit mi, in porttitor pede justo eu massa. Donec dapibus. Duis at velit eu est congue elementum.', NULL, 'http://dummyimage.com/229x100.png/ff4444/ffffff', NULL, NULL),
(10, 2, 'Zaam-Dox', 'Donec vitae nisi. Nam ultrices, libero non mattis pulvinar, nulla pede ullamcorper augue, a suscipit nulla elit ac nulla. Sed vel enim sit amet nunc viverra dapibus. Nulla suscipit ligula in lacus. Curabitur at ipsum ac tellus semper interdum. Mauris ullamcorper purus sit amet nulla. Quisque arcu libero, rutrum ac, lobortis vel, dapibus at, diam. Nam tristique tortor eu pede.', NULL, 'http://dummyimage.com/195x100.png/5fa2dd/ffffff', NULL, NULL),
(11, 3, 'Rank', 'Duis aliquam convallis nunc.', NULL, 'http://dummyimage.com/176x100.png/5fa2dd/ffffff', NULL, NULL),
(12, 3, 'Holdlamis', 'Duis ac nibh. Fusce lacus purus, aliquet at, feugiat non, pretium quis, lectus. Suspendisse potenti. In eleifend quam a odio. In hac habitasse platea dictumst. Maecenas ut massa quis augue luctus tincidunt. Nulla mollis molestie lorem. Quisque ut erat. Curabitur gravida nisi at nibh. In hac habitasse platea dictumst.', NULL, 'http://dummyimage.com/193x100.png/cc0000/ffffff', NULL, NULL),
(13, 3, 'Matsoft', 'Donec ut mauris eget massa tempor convallis. Nulla neque libero, convallis eget, eleifend luctus, ultricies eu, nibh. Quisque id justo sit amet sapien dignissim vestibulum. Vestibulum ante ipsum primis in faucibus orci luctus et ultrices posuere cubilia Curae; Nulla dapibus dolor vel est. Donec odio justo, sollicitudin ut, suscipit a, feugiat et, eros.', NULL, 'http://dummyimage.com/151x100.png/dddddd/000000', NULL, NULL),
(14, 3, 'Duobam', 'Morbi sem mauris, laoreet ut, rhoncus aliquet, pulvinar sed, nisl. Nunc rhoncus dui vel sem. Sed sagittis.', NULL, 'http://dummyimage.com/122x100.png/5fa2dd/ffffff', NULL, NULL),
(15, 3, 'Mat Lam Tam', 'Suspendisse potenti. In eleifend quam a odio. In hac habitasse platea dictumst. Maecenas ut massa quis augue luctus tincidunt. Nulla mollis molestie lorem. Quisque ut erat. Curabitur gravida nisi at nibh. In hac habitasse platea dictumst. Aliquam augue quam, sollicitudin vitae, consectetuer eget, rutrum at, lorem.', NULL, 'http://dummyimage.com/167x100.png/dddddd/000000', NULL, NULL),
(16, 4, 'Pannier', 'Integer ac neque. Duis bibendum. Morbi non quam nec dui luctus rutrum. Nulla tellus. In sagittis dui vel nisl. Duis ac nibh. Fusce lacus purus, aliquet at, feugiat non, pretium quis, lectus. Suspendisse potenti. In eleifend quam a odio.', NULL, 'http://dummyimage.com/112x100.png/cc0000/ffffff', NULL, NULL),
(17, 4, 'Tampflex', 'Donec ut mauris eget massa tempor convallis.', NULL, 'http://dummyimage.com/166x100.png/5fa2dd/ffffff', NULL, NULL),
(18, 4, 'Namfix', 'Donec semper sapien a libero. Nam dui. Proin leo odio, porttitor id, consequat in, consequat ut, nulla.', NULL, 'http://dummyimage.com/250x100.png/dddddd/000000', NULL, NULL),
(19, 4, 'Gembucket', 'Morbi a ipsum. Integer a nibh. In quis justo. Maecenas rhoncus aliquam lacus. Morbi quis tortor id nulla ultrices aliquet. Maecenas leo odio, condimentum id, luctus nec, molestie sed, justo. Pellentesque viverra pede ac diam. Cras pellentesque volutpat dui.', NULL, 'http://dummyimage.com/161x100.png/dddddd/000000', NULL, NULL),
(20, 4, 'Y-Solowarm', 'Duis bibendum, felis sed interdum venenatis, turpis enim blandit mi, in porttitor pede justo eu massa. Donec dapibus. Duis at velit eu est congue elementum. In hac habitasse platea dictumst. Morbi vestibulum, velit id pretium iaculis, diam erat fermentum justo, nec condimentum neque sapien placerat ante. Nulla justo. Aliquam quis turpis eget elit sodales scelerisque. Mauris sit amet eros.', NULL, 'http://dummyimage.com/184x100.png/5fa2dd/ffffff', NULL, NULL),
(21, 5, 'Konklab', 'Sed sagittis.', NULL, 'http://dummyimage.com/169x100.png/5fa2dd/ffffff', NULL, NULL),
(22, 5, 'Home Ing', 'Nullam molestie nibh in lectus.', NULL, 'http://dummyimage.com/134x100.png/5fa2dd/ffffff', NULL, NULL),
(23, 5, 'Lotlux', 'Etiam justo. Etiam pretium iaculis justo. In hac habitasse platea dictumst.', NULL, 'http://dummyimage.com/250x100.png/ff4444/ffffff', NULL, NULL),
(24, 5, 'Tin', 'Vivamus tortor. Duis mattis egestas metus. Aenean fermentum. Donec ut mauris eget massa tempor convallis. Nulla neque libero, convallis eget, eleifend luctus, ultricies eu, nibh. Quisque id justo sit amet sapien dignissim vestibulum. Vestibulum ante ipsum primis in faucibus orci luctus et ultrices posuere cubilia Curae; Nulla dapibus dolor vel est.', NULL, 'http://dummyimage.com/127x100.png/ff4444/ffffff', NULL, NULL),
(25, 5, 'Konklux', 'In hac habitasse platea dictumst. Morbi vestibulum, velit id pretium iaculis, diam erat fermentum justo, nec condimentum neque sapien placerat ante. Nulla justo. Aliquam quis turpis eget elit sodales scelerisque. Mauris sit amet eros. Suspendisse accumsan tortor quis turpis. Sed ante. Vivamus tortor. Duis mattis egestas metus. Aenean fermentum.', NULL, 'http://dummyimage.com/159x100.png/5fa2dd/ffffff', NULL, NULL),
(26, 6, 'Trippledex', 'Nulla nisl. Nunc nisl. Duis bibendum, felis sed interdum venenatis, turpis enim blandit mi, in porttitor pede justo eu massa.', NULL, 'http://dummyimage.com/138x100.png/dddddd/000000', NULL, NULL),
(27, 6, 'Zaam-Dox', 'Etiam vel augue. Vestibulum rutrum rutrum neque. Aenean auctor gravida sem. Praesent id massa id nisl venenatis lacinia. Aenean sit amet justo. Morbi ut odio. Cras mi pede, malesuada in, imperdiet et, commodo vulputate, justo. In blandit ultrices enim. Lorem ipsum dolor sit amet, consectetuer adipiscing elit. Proin interdum mauris non ligula pellentesque ultrices.', NULL, 'http://dummyimage.com/241x100.png/dddddd/000000', NULL, NULL),
(28, 6, 'Tampflex', 'Praesent lectus. Vestibulum quam sapien, varius ut, blandit non, interdum in, ante.', NULL, 'http://dummyimage.com/185x100.png/5fa2dd/ffffff', NULL, NULL),
(29, 6, 'Zontrax', 'Morbi non lectus. Aliquam sit amet diam in magna bibendum imperdiet. Nullam orci pede, venenatis non, sodales sed, tincidunt eu, felis. Fusce posuere felis sed lacus. Morbi sem mauris, laoreet ut, rhoncus aliquet, pulvinar sed, nisl. Nunc rhoncus dui vel sem. Sed sagittis. Nam congue, risus semper porta volutpat, quam pede lobortis ligula, sit amet eleifend pede libero quis orci. Nullam molestie nibh in lectus.', NULL, 'http://dummyimage.com/228x100.png/cc0000/ffffff', NULL, NULL),
(30, 6, 'Domainer', 'Mauris enim leo, rhoncus sed, vestibulum sit amet, cursus id, turpis. Integer aliquet, massa id lobortis convallis, tortor risus dapibus augue, vel accumsan tellus nisi eu orci.', NULL, 'http://dummyimage.com/233x100.png/cc0000/ffffff', NULL, NULL);